file;fail
UNdata_Export_20230615_154114995.zip;True
file;fail
UNdata_Export_20230615_154114995.zip;True
file;fail
UNdata_Export_20230615_154114995.zip;True
file;fail
UNdata_Export_20230615_154114995.zip;True
file;fail
UNdata_Export_20230615_154114995.zip;True
file;fail
UNdata_Export_20230615_154114995.zip;True
UNdata_Export_20230615_154125108.zip;True
file;fail
UNdata_Export_20230615_154114995.zip;True
UNdata_Export_20230615_154125108.zip;True
UNdata_Export_20230615_154137410.zip;True
file;fail
UNdata_Export_20230615_154114995.zip;True
UNdata_Export_20230615_154125108.zip;True
UNdata_Export_20230615_154137410.zip;True
UNdata_Export_20230615_154156565.zip;True
file;fail
UNdata_Export_20230615_154114995.zip;True
UNdata_Export_20230615_154125108.zip;True
UNdata_Export_20230615_154137410.zip;True
UNdata_Export_20230615_154156565.zip;True
UNdata_Export_20230615_154212961.zip;True
file;fail
UNdata_Export_20230615_154114995.zip;True
UNdata_Export_20230615_154125108.zip;True
UNdata_Export_20230615_154137410.zip;True
UNdata_Export_20230615_154156565.zip;True
UNdata_Export_20230615_154212961.zip;True
UNdata_Export_20230615_154220469.zip;True
file;fail
UNdata_Export_20230615_154114995.zip;True
UNdata_Export_20230615_154125108.zip;True
UNdata_Export_20230615_154137410.zip;True
UNdata_Export_20230615_154156565.zip;True
UNdata_Export_20230615_154212961.zip;True
UNdata_Export_20230615_154220469.zip;True
UNdata_Export_20230615_154227862.zip;True
file;fail
UNdata_Export_20230615_154114995.zip;True
UNdata_Export_20230615_154125108.zip;True
UNdata_Export_20230615_154137410.zip;True
UNdata_Export_20230615_154156565.zip;True
UNdata_Export_20230615_154212961.zip;True
UNdata_Export_20230615_154220469.zip;True
UNdata_Export_20230615_154227862.zip;True
UNdata_Export_20230615_155022671.zip;True
file;fail
UNdata_Export_20230615_154114995.zip;True
UNdata_Export_20230615_154125108.zip;True
UNdata_Export_20230615_154137410.zip;True
UNdata_Export_20230615_154156565.zip;True
UNdata_Export_20230615_154212961.zip;True
UNdata_Export_20230615_154220469.zip;True
UNdata_Export_20230615_154227862.zip;True
UNdata_Export_20230615_155022671.zip;True
UNdata_Export_20230615_155031146.zip;True
file;fail
UNdata_Export_20230615_154114995.zip;True
UNdata_Export_20230615_154125108.zip;True
UNdata_Export_20230615_154137410.zip;True
UNdata_Export_20230615_154156565.zip;True
UNdata_Export_20230615_154212961.zip;True
UNdata_Export_20230615_154220469.zip;True
UNdata_Export_20230615_154227862.zip;True
UNdata_Export_20230615_155022671.zip;True
UNdata_Export_20230615_155031146.zip;True
UNdata_Export_20230615_155039221.zip;True
file;fail
UNdata_Export_20230615_154114995.zip;True
file;fail
UNdata_Export_20230615_154114995.zip;True
UNdata_Export_20230615_154125108.zip;True
file;fail
UNdata_Export_20230615_154114995.zip;True
UNdata_Export_20230615_154125108.zip;True
UNdata_Export_20230615_154137410.zip;True
file;fail
UNdata_Export_20230615_154114995.zip;True
UNdata_Export_20230615_154125108.zip;True
UNdata_Export_20230615_154137410.zip;True
UNdata_Export_20230615_154156565.zip;True
file;fail
UNdata_Export_20230615_154114995.zip;True
UNdata_Export_20230615_154125108.zip;True
UNdata_Export_20230615_154137410.zip;True
UNdata_Export_20230615_154156565.zip;True
UNdata_Export_20230615_154212961.zip;True
file;fail
UNdata_Export_20230615_154114995.zip;True
UNdata_Export_20230615_154125108.zip;True
UNdata_Export_20230615_154137410.zip;True
UNdata_Export_20230615_154156565.zip;True
UNdata_Export_20230615_154212961.zip;True
UNdata_Export_20230615_154220469.zip;True
file;fail
UNdata_Export_20230615_154114995.zip;True
UNdata_Export_20230615_154125108.zip;True
UNdata_Export_20230615_154137410.zip;True
UNdata_Export_20230615_154156565.zip;True
UNdata_Export_20230615_154212961.zip;True
UNdata_Export_20230615_154220469.zip;True
UNdata_Export_20230615_154227862.zip;True
file;fail
UNdata_Export_20230615_154114995.zip;True
UNdata_Export_20230615_154125108.zip;True
UNdata_Export_20230615_154137410.zip;True
UNdata_Export_20230615_154156565.zip;True
UNdata_Export_20230615_154212961.zip;True
UNdata_Export_20230615_154220469.zip;True
UNdata_Export_20230615_154227862.zip;True
UNdata_Export_20230615_155022671.zip;True
file;fail
UNdata_Export_20230615_154114995.zip;True
UNdata_Export_20230615_154125108.zip;True
UNdata_Export_20230615_154137410.zip;True
UNdata_Export_20230615_154156565.zip;True
UNdata_Export_20230615_154212961.zip;True
UNdata_Export_20230615_154220469.zip;True
UNdata_Export_20230615_154227862.zip;True
UNdata_Export_20230615_155022671.zip;True
UNdata_Export_20230615_155031146.zip;True
file;fail
UNdata_Export_20230615_154114995.zip;True
UNdata_Export_20230615_154125108.zip;True
UNdata_Export_20230615_154137410.zip;True
UNdata_Export_20230615_154156565.zip;True
UNdata_Export_20230615_154212961.zip;True
UNdata_Export_20230615_154220469.zip;True
UNdata_Export_20230615_154227862.zip;True
UNdata_Export_20230615_155022671.zip;True
UNdata_Export_20230615_155031146.zip;True
UNdata_Export_20230615_155039221.zip;True
